"","number","contract_name","name","address","banking","bonus","bike_stands","available_bike_stands","available_bikes","status","last_update","position.lat","position.lng"
"1",2010,"lyon","2010 - CONFLUENCE / DARSE","ANGLE ALLEE ANDRE MURE ET QUAI ANTOINE RIBOUD",TRUE,FALSE,22,21,1,"OPEN",1695362953000,45.743317,4.815747
"2",5015,"lyon","5015 - FULCHIRON","Devant le n°41 rue de la Quarantaine",TRUE,FALSE,19,9,9,"OPEN",1695363110000,45.75197,4.821662
"3",32001,"lyon","32001 - COUZON - CENTRE","",TRUE,FALSE,17,2,15,"OPEN",1695362950000,45.846034,4.832409
"4",6004,"lyon","6004 - FOCH","Angle rue Vendôme",TRUE,FALSE,20,17,2,"OPEN",1695362996000,45.768896,4.844845
"5",7035,"lyon","7035 - MARSEILLE / UNIVERSITÉ","Angle rue de Marseille",TRUE,FALSE,40,17,23,"OPEN",1695363266000,45.750945,4.83927
"6",10120,"lyon","10120 - SALENGRO / DESCARTES","41 AV. ROGER SALENGRO (VILLEURBANNE)",TRUE,FALSE,15,7,8,"OPEN",1695362911000,45.776239,4.871634
"7",5016,"lyon","5016 - POINT DU JOUR / GRANGES","Devant la mairie du 5°",FALSE,TRUE,13,8,4,"OPEN",1695363256000,45.756204,4.802727
"8",9013,"lyon","9013 - QUAI PAUL SÉDALLIAN","Angle rue de la Navigation",FALSE,FALSE,20,15,5,"OPEN",1695363196000,45.787522,4.814418
"9",10028,"lyon","10028 - ECOLE DE MUSIQUE","Cours de la République/Angle Anatole France",TRUE,FALSE,24,23,0,"OPEN",1695363160000,45.767467,4.874032
"10",6041,"lyon","6041 - CITÉ INTERNATIONALE / TÊTE D'OR NORD","50 QUAI ACHILLE LIGNON",FALSE,FALSE,22,22,0,"OPEN",1695362955000,45.78458,4.859664
"11",201,"lyon","BORNE DE TEST LYON (PLAISIR)","Test Lyon au Labo Maurepas",FALSE,FALSE,3,0,1,"OPEN",1695227412000,45.780403,4.904954
"12",10011,"lyon","10011 - GRATTE-CIEL","174 COURS EMILE ZOLA",TRUE,FALSE,16,11,5,"OPEN",1695363253000,45.769226,4.880491
"13",15002,"lyon","15002 - ST PRIEST - CITE BERLIET","",FALSE,FALSE,20,9,11,"OPEN",1695363238000,45.70597,4.900886
"14",10005,"lyon","10005 - 11 NOVEMBRE","Face Entrée du Parc de la Tête d'Or**",FALSE,FALSE,35,31,4,"OPEN",1695363032000,45.779702,4.860029
"15",4012,"lyon","4012 - PLACE ADRIEN GODIEN","Angle montée de la Boucle",TRUE,FALSE,30,15,13,"OPEN",1695363240000,45.778767,4.841109
"16",11004,"lyon","11004 - CALUIRE - BRANLY / PASTEUR","",TRUE,FALSE,15,14,1,"OPEN",1695363085000,45.79169,4.843452
"17",16002,"lyon","16002 - VÉNISSIEUX - LÉVY / VIENNE","",FALSE,FALSE,18,12,6,"OPEN",1695363104000,45.719399,4.854681
"18",3009,"lyon","3009 - MUSEE AFRICAIN","133 COURS GAMBETTA",FALSE,FALSE,22,1,20,"OPEN",1695363133000,45.750251,4.857919
"19",10122,"lyon","10122 - VERDUN / DESGRAND","17 RUE DE VERDUN (VILLEURBANNE)",FALSE,FALSE,21,15,6,"OPEN",1695363026000,45.784023,4.897102
"20",16001,"lyon","16001 - VENISSIEUX - PLACE ROMAND","",TRUE,FALSE,20,5,14,"OPEN",1695363118000,45.725891,4.858428
"21",7038,"lyon","7038 - PLACE STALINGRAD","Angle Rue de la Guillotiere",FALSE,FALSE,13,13,0,"OPEN",1695363107000,45.749622,4.85299
"22",10091,"lyon","10091 - CHÂTEAU GAILLARD / FORT","28 RUE DU CHÂTEAU GAILLARD (VILLEURBANNE)",TRUE,FALSE,16,5,11,"OPEN",1695363217000,45.774754,4.887977
"23",2021,"lyon","2021 - RAMBAUD / ECOLE DU CINÉMA","",FALSE,FALSE,30,17,13,"OPEN",1695362717000,45.745824,4.817176
"24",4025,"lyon","4025 - CHAZIÈRE","29 RUE CHAZIERE",FALSE,TRUE,20,14,6,"OPEN",1695363175000,45.775425,4.817888
"25",10113,"lyon","10113 - GARE DE VILLEURBANNE","49 AV. GENERAL LECLERC (VILLEURBANNE)",TRUE,FALSE,22,22,0,"OPEN",1695363201000,45.755768,4.891542
"26",4023,"lyon","4023 - PONT MASARYK","Face au 45 quai Gillet",TRUE,FALSE,22,8,14,"OPEN",1695363204000,45.778175,4.810716
"27",3066,"lyon","3066 - KIMMERLING / FAURE","139 AV. FELIX FAURE",FALSE,FALSE,19,7,12,"OPEN",1695363205000,45.754296,4.86359
"28",10111,"lyon","10111 - CHARLES HERNU","",FALSE,FALSE,20,13,7,"OPEN",1695363265000,45.770309,4.86196
"29",5040,"lyon","5040 - PLACE CRÉPU","7 PLACE BENOIT CREPU",TRUE,FALSE,20,14,6,"OPEN",1695363216000,45.757847,4.826103
"30",7008,"lyon","7008 - JEAN JAURÈS / GUILLOTIÈRE","Avenue Jean Jaurès - Angle rue de la Guillotière",TRUE,FALSE,10,7,3,"OPEN",1695363222000,45.75251,4.846278
"31",7024,"lyon","7024 - BANCEL / CHEVREUL","6 RUE BANCEL",TRUE,FALSE,21,12,9,"OPEN",1695363067000,45.748504,4.840505
"32",2023,"lyon","2023 -  PERRACHE / PETIT","Entre rue Victor Hugo et rue d'Auvergne",FALSE,FALSE,18,5,13,"OPEN",1695363256000,45.7444746076792,4.82671963006449
"33",8029,"lyon","8029 - ETATS-UNIS / LÉVIGNE","81 BVD DES Etats-Unis",FALSE,FALSE,20,0,20,"OPEN",1695363122000,45.732366,4.865101
"34",4004,"lyon","4004 - HÉNON","Angle rue Hénon",TRUE,TRUE,22,13,8,"OPEN",1695363200000,45.779786,4.827635
"35",8061,"lyon","8061 - STADE VUILLERMET","164 AV. PAUL SANTY",TRUE,FALSE,18,3,15,"OPEN",1695362961000,45.725403,4.881292
"36",1023,"lyon","1023 - CROIX ROUSSE / PERFETTI","16 BVD DE LA CROIX-ROUSSE",FALSE,TRUE,20,14,6,"OPEN",1695362833000,45.772229,4.819389
"37",7003,"lyon","7003 - GAMBETTA / GARIBALDI","Cours Gambette - Prolongement rue Rachais",TRUE,FALSE,40,4,35,"OPEN",1695363206000,45.751827,4.8526
"38",7030,"lyon","7030 - QUARTIER GENERAL FRERE","33 Boulevard Yves Farge 69007 Lyon",TRUE,FALSE,30,4,25,"OPEN",1695363166000,45.743163,4.834165
"39",6042,"lyon","6042 - CITÉ INTERNATIONALE / RÉSIDENCE HÔTELIÈRE","devant la résidence hôtelière à l'ouest de la place publique",TRUE,FALSE,28,25,2,"OPEN",1695363041000,45.784812,4.856432
"40",2013,"lyon","2013 - CÉLESTINS","Côté nord de la place, vers l'ascenseur",FALSE,FALSE,22,12,1,"OPEN",1695363265000,45.759932,4.832111
"41",3086,"lyon","3086 - FEUILLAT / LACASSAGNE","76 AV. LACASSAGNE",TRUE,FALSE,16,6,10,"OPEN",1695363267000,45.749563,4.875934
"42",8025,"lyon","8025 - DUMONT / JOUVET","12 RUE SANTOS DUMONT",FALSE,FALSE,17,13,4,"OPEN",1695363112000,45.744447,4.860889
"43",3050,"lyon","3050 - FRICHE RVI","5 rue Félix Rollet 69003 Lyon",FALSE,FALSE,20,5,15,"OPEN",1695362970000,45.748346,4.875955
"44",8056,"lyon","8056 - DELORE / AUDIBERT ET LAVIROTTE","69 RUE AUDIBERT ET LAVIROTTE",FALSE,FALSE,18,8,10,"OPEN",1695363260000,45.73586,4.856888
"45",10119,"lyon","10119 - VILLEURBANNE SAINT-JEAN","2 RUE DES ACACIAS VILLEURBANNE",TRUE,FALSE,12,8,4,"OPEN",1695362829000,45.780422,4.904505
"46",7053,"lyon","7053 - JAURÈS / THIBAUDIÈRE","26 RUE DE LA THIBAUDIERE",TRUE,FALSE,28,20,8,"OPEN",1695363241000,45.750344,4.845048
"47",3012,"lyon","3012 - PLACE DU CHÂTEAU","A côté de l'église",FALSE,FALSE,25,19,6,"OPEN",1695363189000,45.749565,4.887311
"48",4009,"lyon","4009 - JACQUARD / DENFERT-ROCHEREAU","Rue Denfert-Rochereau / Angle rue Jacquart",FALSE,TRUE,14,14,0,"OPEN",1695363198000,45.77591,4.825394
"49",10089,"lyon","10089 - COLIN / PERRONCEL","Rue Colin - Angle rue Alexis Perroncel",FALSE,FALSE,15,9,6,"OPEN",1695363192000,45.774581,4.87406
"50",1031,"lyon","1031 - PLACE DE LA PAIX","Place de la Paix - En face de La Poste",TRUE,FALSE,20,20,0,"OPEN",1695363008000,45.768023,4.831733
"51",3037,"lyon","3037 - PAUL BERT / GARIBALDI","Rue Paul Bert",TRUE,FALSE,21,4,17,"OPEN",1695363239000,45.757112,4.853405
"52",8035,"lyon","8035 - SANS SOUCI","54 COURS ALBERT THOMAS",TRUE,FALSE,20,0,20,"OPEN",1695362864000,45.747251,4.865386
"53",5045,"lyon","5045 - VALDO / RIVET","64 RUE JEUNET",TRUE,TRUE,18,9,9,"OPEN",1695362768000,45.750497,4.788819
"54",13001,"lyon","13001 - DECINES - CENTRE","",TRUE,FALSE,20,0,20,"OPEN",1695362887000,45.771902,4.955721
"55",6035,"lyon","6035 - CITÉ INTERNATIONALE","Face parvis du palais des congrès",FALSE,FALSE,21,19,1,"OPEN",1695363251000,45.785456,4.854085
"56",1036,"lyon","1036 - AVEYRON","158 BVD DE LA CROIX-ROUSSE",TRUE,TRUE,17,15,0,"OPEN",1695363244000,45.774366,4.832716
"57",6022,"lyon","6022 - PLACE MARÉCHAL LYAUTEY","Pierre Corneille/cours Franklin Roosevelt",TRUE,FALSE,20,19,0,"OPEN",1695363185000,45.769383,4.842364
"58",9020,"lyon","9020 - BOURBONNAIS","Angle rue Horand / rue Masset",TRUE,FALSE,12,5,7,"OPEN",1695362834000,45.773468,4.800286
"59",2027,"lyon","2027 - PERRACHE EST","",FALSE,FALSE,20,13,7,"OPEN",1695363162000,45.746163,4.82548
"60",2016,"lyon","2016 - PLACE REGAUD","Angle rue Tupin / rue Herriot",TRUE,FALSE,12,11,0,"OPEN",1695362709000,45.763065,4.83425
"61",3080,"lyon","3080 - PART-DIEU / VILLETTE","55 RUE DE LA VILLETTE",TRUE,FALSE,30,6,22,"OPEN",1695363223000,45.760042,4.861734
"62",5029,"lyon","5029 - PLACE GERSON","Prox. Quai Pierre Scize",FALSE,FALSE,20,20,0,"OPEN",1695363133000,45.767057,4.827014
"63",2004,"lyon","2004 - PERRACHE / CARNOT","16 PLACE CARNOT",TRUE,FALSE,18,9,8,"OPEN",1695363224000,45.750116,4.82801
"64",14001,"lyon","14001 - BRON - CENTRE NAUTIQUE","",FALSE,FALSE,13,12,1,"OPEN",1695362976000,45.742932,4.90863
"65",7009,"lyon","7009 - JEAN JAURÈS","174–180 Avenue Jean Jaurès 69007 Lyon",TRUE,FALSE,16,0,16,"OPEN",1695363177000,45.737503,4.837484
"66",7045,"lyon","7045 - PARC DES BERGES","40 AV. LECLERC",TRUE,FALSE,25,6,19,"OPEN",1695362918000,45.737745,4.824495
"67",3101,"lyon","3101 - PATINOIRE BARABAN","55 RUE DE BARABAN",TRUE,FALSE,20,16,4,"OPEN",1695363157000,45.762055,4.868486
"68",4021,"lyon","4021 - TABAREAU","Angle Bvd de la Croix-Rousse",FALSE,TRUE,10,9,1,"OPEN",1695362899000,45.774061,4.82516
"69",3103,"lyon","3103 - PLACE DANTON","3 PLACE DANTON",TRUE,FALSE,18,17,1,"OPEN",1695362981000,45.7548502313005,4.85748756866509
"70",6031,"lyon","6031 - LAFAYETTE / CORNEILLE","Angle cours Lafayette",FALSE,FALSE,13,11,2,"OPEN",1695363263000,45.763717,4.843791
"71",9049,"lyon","9049 - SERGENT BERTHET / GORGE DE LOUP","23 RUE GORGE DE LOUP",FALSE,FALSE,16,1,15,"OPEN",1695363265000,45.770136,4.80516
"72",3017,"lyon","3017 - SAXE / DUNOIR","",TRUE,FALSE,37,37,0,"OPEN",1695363066000,45.760912,4.845291
"73",9009,"lyon","9009 - BERLIOZ / CHALINEL","",FALSE,TRUE,15,7,8,"OPEN",1695362713000,45.801192,4.825451
"74",10021,"lyon","10021 - GRANDCLÉMENT","Angle cours Tolstoï",TRUE,FALSE,19,5,14,"OPEN",1695363261000,45.759743,4.889938
"75",7023,"lyon","7023 - BERTHELOT / ROUTE DE VIENNE","Route de Vienne - Angle avenue Berthelot",TRUE,FALSE,15,15,0,"OPEN",1695362968000,45.742639,4.850538
"76",6044,"lyon","6044 - CHARMETTES / BELLECOMBE","23 RUE DE LA VIABERT",TRUE,FALSE,16,6,10,"OPEN",1695363145000,45.766372,4.865058
"77",3008,"lyon","3008 - INSTITUT LUMIERE","105 COURS ALBERT THOMAS",TRUE,FALSE,18,17,1,"OPEN",1695363048000,45.745828,4.870631
"78",3040,"lyon","3040 - FAURE / DANTON","",FALSE,FALSE,35,23,12,"OPEN",1695362994000,45.753528,4.857784
"79",8042,"lyon","8042 - FRANCIS DE PRESSENSÉ","73 RUE CAZENEUVE",FALSE,FALSE,22,9,13,"OPEN",1695363146000,45.731361,4.860139
"80",9044,"lyon","9044 - MASSET / SAINT-PIERRE DE VAISE","20 AV. JOANNES MASSET",FALSE,FALSE,16,2,14,"OPEN",1695362708000,45.770508,4.800869
"81",28001,"lyon","28001 - FONTAINES S/S - QUAI SIMON","",TRUE,FALSE,20,16,4,"OPEN",1695362707000,45.832495,4.848795
"82",10075,"lyon","10075 - GABRIEL PÉRI","Angle cours André Philip",FALSE,FALSE,12,12,0,"OPEN",1695363175000,45.772277,4.865774
"83",4006,"lyon","4006 - PHILIPPE DE LASSALLE","Angle rue Anselme, face à l'IUFM",FALSE,TRUE,23,14,7,"OPEN",1695363134000,45.773358,4.821234
"84",6017,"lyon","6017 - LAFAYETTE / INKERMANN","",TRUE,FALSE,30,18,11,"OPEN",1695363025000,45.764062,4.865802
"85",2036,"lyon","2036 - PLACE ANTONIN GOURJU","11 PLACE ANTONIN GOURJU",TRUE,FALSE,30,30,0,"OPEN",1695362707000,45.759494,4.830161
"86",6002,"lyon","6002 - PORTE DES ENFANTS DU RHÔNE","Le long des grilles, côté ouest de la porte",TRUE,FALSE,40,38,2,"OPEN",1695363208000,45.777521,4.844922
"87",6032,"lyon","6032 - PRÉFECTURE / SARRAIL","Angle rue Vauban",TRUE,FALSE,20,20,0,"OPEN",1695363152000,45.764821,4.841567
"88",8055,"lyon","8055 - SAINT-ROMAIN / BERLIET","",TRUE,FALSE,20,18,2,"OPEN",1695363252000,45.74222,4.860219
"89",10016,"lyon","10016 - PLACE DE LA PAIX","10 PLACE DE LA PAIX (VILLEURBANNE)",FALSE,FALSE,17,16,1,"OPEN",1695363261000,45.752074,4.91466
"90",7033,"lyon","7033 - SAINT-LUC / SAINT-JOSEPH","Sur le quai haut",TRUE,FALSE,33,12,20,"OPEN",1695363176000,45.749431,4.834816
"91",7041,"lyon","7041 - DOMER / CHEVREUL","Rue Domer/angle rue Chevreul",FALSE,FALSE,12,4,8,"OPEN",1695363211000,45.746681,4.844455
"92",3090,"lyon","3090 - VINATIER","",TRUE,FALSE,20,19,1,"OPEN",1695363229000,45.741922,4.894068
"93",8008,"lyon","8008 - BEAUVISAGE / PRESSENSÉ","Rue du Professeur Beauvisage",FALSE,FALSE,17,4,13,"OPEN",1695363040000,45.727881,4.86355
"94",3071,"lyon","3071 - BIOPARC","angle ave Rockfeller / cours Eugénie face au Bioparc",FALSE,FALSE,20,19,1,"OPEN",1695363220000,45.740492,4.888084
"95",5006,"lyon","5006 - QUAI ROMAIN ROLLAND","Face ancien Palais de Justice",TRUE,FALSE,17,8,9,"OPEN",1695363223000,45.7620452080746,4.82872732991442
"96",10014,"lyon","10014 - LAURENT BONNEVAY / ASTROBALLE","64 AV. MARCEL CERDAN",FALSE,FALSE,28,13,15,"OPEN",1695363147000,45.765214,4.909808
"97",10004,"lyon","10004 - TONKIN","Rue Salvador Allende / Angle promenade du Lys",FALSE,FALSE,10,7,3,"OPEN",1695362907000,45.776217,4.862636
"98",1013,"lyon","1013 - MARTINIÈRE","Rue de la Martinière",TRUE,FALSE,11,10,0,"OPEN",1695363202000,45.768223,4.827533
"99",26001,"lyon","26001 - ST DIDIER","",FALSE,FALSE,17,11,6,"OPEN",1695363185000,45.791621,4.808426
"100",9010,"lyon","9010 - PISCINE DE VAISE","37 AV. SIDOINE APOLLINAIRE",FALSE,FALSE,19,1,17,"OPEN",1695363159000,45.771034,4.79644
"101",6028,"lyon","6028 - RÉCAMIER / TÊTE D'OR","Angle rue Tête d'Or",FALSE,FALSE,16,14,2,"OPEN",1695363238000,45.764345,4.853492
"102",10034,"lyon","10034 - DOCTEUR DAMIDOT","Devant la MJC",FALSE,FALSE,18,17,1,"OPEN",1695363181000,45.761825,4.886156
"103",3058,"lyon","3058 - PLACE DU LAC","Face à la poste",FALSE,FALSE,19,0,19,"OPEN",1695363146000,45.758974,4.853599
"104",6045,"lyon","6045 - BROTTEAUX / VAUBAN","44 BVD DES BROTTEAUX",TRUE,FALSE,15,13,2,"OPEN",1695363230000,45.766284,4.856848
"105",5047,"lyon","5047 - ALBÉRIC PONT","2B RUE DR. ALBERIC PONT",FALSE,FALSE,16,6,10,"OPEN",1695362831000,45.753452,4.804401
"106",8053,"lyon","8053 - LUMIERE / TROUILHET","6 RUE ANTOINE LUMIERE",FALSE,FALSE,16,10,6,"OPEN",1695363231000,45.743569,4.870083
"107",9008,"lyon","9008 - L'ILE BARBE","3 QUAI PAUL SEDAILLAN",TRUE,FALSE,16,3,13,"OPEN",1695363241000,45.797415,4.829038
"108",9046,"lyon","9046 - MANGINI","",TRUE,FALSE,24,11,13,"OPEN",1695363074000,45.790414,4.816359
"109",4042,"lyon","4042 - GREGORY COUPET","94 RUE PHILIPPE DE LASALLE",FALSE,TRUE,16,13,3,"OPEN",1695362705000,45.781699,4.820596
"110",10053,"lyon","10053 - ROSSELINI / 11 NOVEMBRE","Bd du 11 novembre angle av. Claude Bernard",FALSE,FALSE,30,11,19,"OPEN",1695363115000,45.77939,4.863068
"111",6039,"lyon","6039 - GARIBALDI / BUGEAUD","",TRUE,FALSE,20,17,3,"OPEN",1695362945000,45.766708,4.852073
"112",10110,"lyon","10110 - MÉMOIRE ET SOCIÉTÉ","20 RUE VALENTIN HAUY (VILLEURBANNE)",FALSE,FALSE,24,17,7,"OPEN",1695363218000,45.75958,4.882739
"113",6021,"lyon","6021 - GARIBALDI","Entre rue Crillon et rue Sully",FALSE,FALSE,11,10,1,"OPEN",1695363227000,45.770664,4.849946
"114",5053,"lyon","5053 - SAINT-JUST","1 PLACE DE L'ABBE LARUE",FALSE,TRUE,18,11,7,"OPEN",1695363139000,45.75597,4.818904
"115",8058,"lyon","8058 - LONGEFER / KRUGER","10 RUE PDT P. KRUGER",FALSE,FALSE,16,10,6,"OPEN",1695362822000,45.738671,4.878117
"116",2037,"lyon","2037 - PLACE DES ARCHIVES","12 COURS CHARLEMAGNE",TRUE,FALSE,40,24,16,"OPEN",1695363133000,45.747956,4.824898
"117",14004,"lyon","14004 - BRON - MAIRIE","",TRUE,FALSE,23,20,3,"OPEN",1695363106000,45.73403,4.908777
"118",2026,"lyon","2026 - RÉPUBLIQUE / PAUFIQUE","Angle rue de la République",FALSE,FALSE,28,27,1,"OPEN",1695363006000,45.759379,4.835414
"119",22001,"lyon","22001 - STE FOY - PLACE ST LUC","",TRUE,FALSE,15,12,3,"OPEN",1695363253000,45.749588,4.800967
"120",9003,"lyon","9003 - PLACE VALMY","Rue Roquette / angle rue de Bourgogne",FALSE,FALSE,16,0,16,"OPEN",1695363063000,45.775679,4.805314
"121",2038,"lyon","2038 - REMPARTS D'AINAY","16 RUE DES REMPARTS D'AINAY",FALSE,FALSE,24,23,1,"OPEN",1695363223000,45.753077,4.829706
"122",8054,"lyon","8054 - MARTINIÈRE / MONPLAISIR","34 RUE ANTOINE LUMIERE",TRUE,FALSE,20,1,18,"OPEN",1695363250000,45.740865,4.868244
"123",7039,"lyon","7039 - GUILLOTIÈRE / MADELEINE","Angle rue de la Madeleine",FALSE,FALSE,10,8,1,"OPEN",1695363160000,45.751073,4.848018
"124",2012,"lyon","2012 - GAILLETON","3 PLACE GAILLETON",FALSE,FALSE,16,8,6,"OPEN",1695363098000,45.753455,4.833367
"125",7006,"lyon","7006 - GERLAND","Avenue Jean Jaurès - Au niveau du square Galtier",TRUE,FALSE,40,35,4,"OPEN",1695363265000,45.727494,4.831145
"126",8023,"lyon","8023 - MERMOZ / PINEL","",TRUE,FALSE,23,20,3,"OPEN",1695363248000,45.730788,4.887513
"127",8011,"lyon","8011 - PLACE LEBRET","Côté route de Vienne",FALSE,FALSE,14,8,6,"OPEN",1695363250000,45.735653,4.853042
"128",1006,"lyon","1006- SUBSISTANCES","12 QUAI ST VINCENT",FALSE,FALSE,22,17,2,"OPEN",1695363261000,45.767912,4.819872
"129",4002,"lyon","4002 - MAIRIE DU 4E","Devant la mairie du 4°",TRUE,TRUE,20,17,3,"OPEN",1695363246000,45.774193,4.827743
"130",20003,"lyon","20003 - OULLINS - PONT BLANC","",FALSE,FALSE,24,11,13,"OPEN",1695363165000,45.720156,4.798426
"131",3081,"lyon","3081 - PART-DIEU / FRANCFORT","44 RUE MAURICE FLANDIN 69003 LYON",TRUE,FALSE,28,4,24,"OPEN",1695363266000,45.760689,4.863069
"132",4007,"lyon","4007 - PLACE FLAMMARION","Côté Rue Philippe de Lassalle",FALSE,TRUE,18,17,1,"OPEN",1695363072000,45.779332,4.820259
"133",30002,"lyon","30002 - RILLIEUX - LOUP PENDU","",FALSE,TRUE,18,12,6,"OPEN",1695363027000,45.815973,4.887019
"134",3011,"lyon","3011 - PART-DIEU / CUIRASSIERS","",TRUE,FALSE,59,22,36,"OPEN",1695363228000,45.75991,4.857555
"135",10092,"lyon","10092 - MONTGOLFIER / CHATEAU GAILLARD","3 RUE DU CHAMP DE L'ORME (VILLEURBANNE)",FALSE,FALSE,17,8,9,"OPEN",1695362962000,45.771561,4.890378
"136",10024,"lyon","10024 - MAISONS NEUVES","Place des Maisons Neuves/Côté rue Jean Jaurès",TRUE,FALSE,23,22,0,"OPEN",1695363193000,45.755988,4.877409
"137",1034,"lyon","1034 - CARMÉLITES","30 MONTEE DES CARMELITES",FALSE,FALSE,16,15,0,"OPEN",1695363082000,45.770006,4.829274
"138",3013,"lyon","3013 - PLACE ANTOINETTE","Place Antoinette",FALSE,FALSE,21,18,3,"OPEN",1695363262000,45.753683,4.889285
"139",10008,"lyon","10008 - SALENGRO / VAILLANT","Rue Roger Salengro - Angle rue Vaillant",TRUE,FALSE,24,19,3,"OPEN",1695363193000,45.778385,4.879673
"140",3083,"lyon","3083 - LES HALLES","118 RUE MONCEY",FALSE,FALSE,18,9,9,"OPEN",1695363236000,45.761595,4.850477
"141",6024,"lyon","6024 - TRONCHET / ANATOLE FRANCE","Angle bvd Anatole France",FALSE,FALSE,10,3,7,"OPEN",1695363214000,45.770743,4.856713
"142",8006,"lyon","8006 - PLACE DU 8 MAI 1945","Rue Professeur Beauvisage/Angle bd des Etats-Unis",FALSE,FALSE,20,5,15,"OPEN",1695363189000,45.729771,4.868157
"143",23001,"lyon","23001 - TASSIN - TUILERIES","",TRUE,TRUE,12,12,0,"OPEN",1695362946000,45.763244,4.778641
"144",9052,"lyon","9052 - BALMONT","360 BVD DE BALMONT",FALSE,TRUE,12,12,0,"OPEN",1695362843000,45.789194,4.799308
"145",12002,"lyon","12002 - VAULX - POUDRETTE / LA SOIE","Face au 2 rue de la Poudrette, Vaulx en Velin",FALSE,FALSE,20,19,1,"OPEN",1695363252000,45.76438,4.919276
"146",6033,"lyon","6033 - CRÉQUI / LAFAYETTE","153 RUE CREQUI",FALSE,FALSE,15,13,0,"OPEN",1695363245000,45.763755,4.847082
"147",10012,"lyon","10012 - ZOLA / FRANCE","Rue de France/Angle Cours Emile Zola",FALSE,FALSE,16,1,15,"OPEN",1695363119000,45.767957,4.887232
"148",10123,"lyon","10123 - SAINT JEAN CANAL","",FALSE,FALSE,12,3,9,"OPEN",1695363072000,45.776646,4.902366
"149",4022,"lyon","4022 - PLACE DE LA CROIX-ROUSSE","Prox. Grande rue de la Croix-Rousse",FALSE,TRUE,21,13,7,"OPEN",1695363143000,45.77608,4.832543
"150",10047,"lyon","10047 - LHERMINIER / PRESSENSÉ","Avenue du Cdt Lherminier/Angle rue F. de Pressensé",FALSE,FALSE,15,5,9,"OPEN",1695363254000,45.771143,4.88504
"151",10049,"lyon","10049 - BORNE TEST A. THOMAS","Rue Francis de Pressensé/angle 8 mai 1945",FALSE,FALSE,0,0,0,"CLOSED",1695363188000,45.751404,4.836395
"152",7021,"lyon","7021 - CHALLEMEL LACOUR / GERLAND","176–180 Rue de Gerland 69007 Lyon",FALSE,FALSE,12,8,4,"OPEN",1695363225000,45.729791,4.838138
"153",3004,"lyon","3004 - BOURSE DU TRAVAIL","Angle rue Moncey / Part-Dieu",TRUE,FALSE,27,21,6,"OPEN",1695363240000,45.759648,4.848139
"154",3016,"lyon","3016 - LIBERTÉ / PART-DIEU","Angle rue de la Part-Dieu",TRUE,FALSE,18,18,0,"OPEN",1695362763000,45.759361,4.842308
"155",2003,"lyon","2003 - PLACE AMPÈRE","Angle Henry IV",FALSE,FALSE,10,7,3,"OPEN",1695363147000,45.753049,4.828297
"156",7017,"lyon","7017 - BEAUVOIR / MAROT","",FALSE,FALSE,20,3,17,"OPEN",1695363192000,45.73674,4.834106
"157",19001,"lyon","19001 - ST GENIS L. - MÉDIATHÈQUE","",TRUE,TRUE,12,3,9,"OPEN",1695362939000,45.697863,4.794658
"158",6003,"lyon","6003 - AVENUE VERGUIN","Devant l'entrée du parc",TRUE,FALSE,20,6,14,"OPEN",1695363264000,45.772846,4.856274
"159",7015,"lyon","7015 - TECHSUD","Rue professeur Jean Bernard angle Boulevard Chambaud de la Bruyère Lyon 7",FALSE,FALSE,12,5,7,"OPEN",1695363179000,45.7228,4.842706
"160",8024,"lyon","8024 - MERMOZ / MICHELET","Angle av Michelet",FALSE,FALSE,12,6,6,"OPEN",1695362972000,45.733317,4.878607
"161",7026,"lyon","7026 - BALDASSINI / GERLAND","",FALSE,FALSE,20,2,18,"OPEN",1695363266000,45.727691,4.837392
"162",24001,"lyon","24001 - ECULLY - MAIRIE","",TRUE,TRUE,12,12,0,"OPEN",1695363074000,45.775112,4.778531
"163",7007,"lyon","7007 - FARGE / AYASSE","Angle Bld Y. Farge / rue Commandant Ayasse",FALSE,FALSE,20,13,7,"OPEN",1695363101000,45.735741,4.827725
"164",8038,"lyon","8038 - ALBERT THOMAS / VILLON","Angle rue Villon",FALSE,FALSE,20,17,3,"OPEN",1695363090000,45.746691,4.867501
"165",10072,"lyon","10072 - JACQUES BREL","Rue Jacques Brel/angle rue Korel",FALSE,FALSE,23,4,19,"OPEN",1695363072000,45.774228,4.864269
"166",18001,"lyon","18001 - PIERRE BÉNITE - EUROPE","",TRUE,FALSE,15,11,4,"OPEN",1695362898000,45.703245,4.821204
"167",6020,"lyon","6020 - MUSÉE GUIMET","Angle rue Morellet",TRUE,FALSE,15,12,3,"OPEN",1695362966000,45.774526,4.848443
"168",12001,"lyon","12001 - VAULX - LA SOIE","45 RUE DE LA POUDRETTE (VILLEURBANNE)",TRUE,FALSE,25,17,8,"OPEN",1695363231000,45.760908,4.920569
"169",10055,"lyon","10055 - CONDORCET / GALLINE","Avenue Galline/angle av. de Condorcet",FALSE,FALSE,15,1,14,"OPEN",1695363082000,45.776428,4.866976
"170",6025,"lyon","6025 - PLACE D'HELVÉTIE","",TRUE,FALSE,30,30,0,"OPEN",1695363128000,45.773232,4.841949
"171",3094,"lyon","3094 - VILLETTE","74 RUE DE LA VILLETTE",FALSE,FALSE,38,30,8,"OPEN",1695363172000,45.757808,4.861512
"172",5044,"lyon","5044 - CHAMPVERT","87 RUE DOCTEUR EDMOND LOCARD",TRUE,TRUE,15,15,0,"OPEN",1695362706000,45.760056,4.798366
"173",3069,"lyon","3069 - DAUPHINÉ / SAINT-MAXIMIN","",FALSE,FALSE,30,8,22,"OPEN",1695363206000,45.750002,4.864587
"174",10006,"lyon","10006 - CHARPENNES","Place Charles Hernu / côté sud",TRUE,FALSE,46,28,18,"OPEN",1695363214000,45.770225,4.863102
"175",9011,"lyon","9011 - CONSERVATOIRE","Quai Chauveau / angle Pont Koenig",TRUE,FALSE,19,19,0,"OPEN",1695363137000,45.769803,4.812681
"176",21001,"lyon","21001 - LA MULATIERE - AQUARIUM","",TRUE,FALSE,24,24,0,"OPEN",1695363186000,45.727309,4.814779
"177",9015,"lyon","9015 - SAINT-CYR","",FALSE,FALSE,30,13,16,"OPEN",1695363183000,45.782855,4.807288
"178",6012,"lyon","6012 - PLACE PUVIS DE CHAVANNES","Angle rue Vendôme",FALSE,FALSE,10,10,0,"OPEN",1695362920000,45.771794,4.84459
"179",8009,"lyon","8009 - JEAN XXIII / MERMOZ","Boulevard Jean XXIII - Angle de la rue Mermoz",TRUE,FALSE,20,16,3,"OPEN",1695362996000,45.73648,4.869789
"180",3036,"lyon","3036 - FELIX FAURE / VIVIER MERLE","AVENUE FELIX FAURE ANGLE VIVIER MERLE. 10M AVANT VIVIER MERLE EN DIRECTION DU RHONE",FALSE,FALSE,35,13,22,"OPEN",1695363165000,45.75381,4.859795
"181",10073,"lyon","10073 - INSTITUT D'ART CONTEMPORAIN","Rue Docteur Dolard / Angle rue 4 Septembre",FALSE,FALSE,25,7,17,"OPEN",1695363212000,45.761468,4.872466
"182",2035,"lyon","2035 - CHILDEBERT / RIVIÈRE","",TRUE,FALSE,23,23,0,"OPEN",1695363251000,45.759842,4.835776
"183",9014,"lyon","9014 - QUAI DU COMMERCE","Angle rue Emile Duport",TRUE,FALSE,30,21,9,"OPEN",1695363264000,45.7820006188352,4.81043960203213
"184",3097,"lyon","3097 - AUGAGNEUR / FOSSE AUX OURS","28 QUAI VICTOR AUGAGNEUR",TRUE,FALSE,40,37,2,"OPEN",1695363242000,45.757192,4.840495
"185",3035,"lyon","3035 - PHILOMENE MAGNIN","",TRUE,FALSE,24,5,19,"OPEN",1695363262000,45.752453,4.858785
"186",9022,"lyon","9022 - MASARYK / SAINT-CYR","Angle rue Chinard/rue St Cyr",FALSE,FALSE,13,1,12,"OPEN",1695363165000,45.778639,4.8071
"187",3138,"lyon","3138 - VIVIER MERLE / PAUL BERT OUEST","Devant l'hôtel IBIS",FALSE,FALSE,19,18,1,"OPEN",1695362948000,45.757484,4.858386
"188",10112,"lyon","10112 - PLACE DE LA RECONNAISSANCE","105 ROUTE DE GENAS (VILLEURBANNE)",TRUE,FALSE,32,31,1,"OPEN",1695362984000,45.754415,4.885249
"189",4024,"lyon","4024 - LYON METROPOLE","FACE AU 81 QUAI JOSEPH GILLET",TRUE,FALSE,25,16,9,"OPEN",1695362897000,45.788204,4.818572
"190",15001,"lyon","15001 - ST PRIEST - PARC TECHNOLOGIQUE","",TRUE,FALSE,20,7,13,"OPEN",1695363190000,45.714426,4.930975
"191",8041,"lyon","8041 - ETATS-UNIS / VIVIANI","170 Boulevard des Etats-Unis, Angle Avenue Viviani, direction Venissieux",TRUE,FALSE,20,3,17,"OPEN",1695363084000,45.724775,4.870745
"192",2008,"lyon","2008 - PLACE ANTONIN PONCET","Côté rue des Marroniers",TRUE,FALSE,40,37,3,"OPEN",1695363126000,45.756775,4.833917
"193",7019,"lyon","7019 - CROIX BARRET / BOURDEIX","",FALSE,FALSE,32,0,32,"OPEN",1695363194000,45.736722,4.841079
"194",1005,"lyon","1005 - MEISSONNIER","Place Meissonier - Angle Sud-Est de la place",FALSE,FALSE,16,16,0,"OPEN",1695363253000,45.766073,4.832849
"195",6040,"lyon","6040 - LES HALLES","71 COURS LAFAYETTE",TRUE,FALSE,15,6,9,"OPEN",1695363061000,45.764013,4.849933
"196",10044,"lyon","10044 - ROCARD OCTAVIE","",FALSE,FALSE,25,4,21,"OPEN",1695363174000,45.7809037283842,4.88958755288143
"197",2022,"lyon","2022 - PLACE CARNOT","Angle rue Plessier",TRUE,FALSE,30,26,4,"OPEN",1695363200000,45.751233,4.82688
"198",4014,"lyon","4014 - PHILIPPE DE LASSALLE / PILLEMENT","Angle rue Pillement",FALSE,TRUE,13,13,0,"OPEN",1695362768000,45.777431,4.820526
"199",7036,"lyon","7036 - GRYPHE / MONTESQUIEU","",TRUE,FALSE,25,12,12,"OPEN",1695363178000,45.751902,4.843812
"200",9029,"lyon","9029 - SAINT PIERRE DE VAISE","Place Vanderpol/Angle St Pierre de Vaise",FALSE,FALSE,15,8,7,"OPEN",1695363177000,45.773125,4.807831
"201",3099,"lyon","3099 - PLACE SAINTE ANNE","10 PLACE SAINTE ANNE",TRUE,FALSE,18,11,6,"OPEN",1695363246000,45.757042,4.86532
"202",8001,"lyon","8001 - UNIVERSITÉ LYON III","Devant entrée principale de l'université",FALSE,FALSE,36,13,23,"OPEN",1695363133000,45.748535,4.861533
"203",3005,"lyon","3005 - SAXE / GAMBETTA","Place Victor Basch",TRUE,FALSE,26,10,16,"OPEN",1695363261000,45.75377,4.848043
"204",555,"lyon","0-555 - ATELIER VÉLO'V","",FALSE,FALSE,3,3,0,"OPEN",1695363027000,45.780403,4.904869
"205",8033,"lyon","8033 - BERTHELOT / CAZENEUVE","",FALSE,FALSE,20,20,0,"OPEN",1695362667000,45.737481,4.865503
"206",10058,"lyon","10058 - MÉTRO FLACHET","274 COURS EMILE ZOLA (VILLEURBANNE)",TRUE,FALSE,22,11,11,"OPEN",1695363203000,45.767051,4.892467
"207",8010,"lyon","8010 - PLACE MENDÈS FRANCE","95 AV. DE L'EUROPE",TRUE,FALSE,20,4,16,"OPEN",1695362961000,45.740052,4.85941
"208",3067,"lyon","3067 - HACHETTE","6 RUE JEAN RENOIR",FALSE,FALSE,15,3,12,"OPEN",1695362668000,45.752907,4.863923
"209",7055,"lyon","7055 - SERVANT / JABOULAY","23 RUE RENAN",FALSE,FALSE,16,8,8,"OPEN",1695363024000,45.746779,4.842051
"210",17002,"lyon","17002 - ST FONS - 4 CHEMINS","",TRUE,FALSE,11,2,9,"OPEN",1695362771000,45.708561,4.854821
"211",5002,"lyon","5002 - PLACE DES COMPAGNONS DE LA CHANSON","Angle rue des Aqueducs",FALSE,TRUE,18,10,8,"OPEN",1695363134000,45.756535,4.796616
"212",10084,"lyon","10084 - DOUA / AVENUE DES ARTS","84 avenue des Arts",TRUE,FALSE,30,0,30,"OPEN",1695363201000,45.783533,4.871294
"213",9042,"lyon","9042 - VAISE DOCKS","39 rue des Docks Lyon 9",FALSE,FALSE,19,2,17,"OPEN",1695363266000,45.786533,4.811446
"214",7013,"lyon","7013 - HALLE TONY GARNIER","93–131 Avenue Tony Garnier 69007 Lyon",TRUE,FALSE,20,11,9,"OPEN",1695363077000,45.730786,4.823733
"215",14003,"lyon","14003 - BRON - PLACE CURIAL","",FALSE,FALSE,25,20,5,"OPEN",1695363237000,45.736633,4.917009
"216",11003,"lyon","11003 - CALUIRE - LA ROCHETTE","Quai Gillet au  niveau de la place de la Rochette. Caluire et Cuire.",FALSE,FALSE,20,14,6,"OPEN",1695363246000,45.791748,4.823595
"217",3039,"lyon","3039 - PLACE BIR-HAKEIM","Au niveau de la rue Duvivier",FALSE,FALSE,19,9,10,"OPEN",1695362913000,45.752553,4.855756
"218",10023,"lyon","10023 - JAURES SAINT EXUPERY","",FALSE,FALSE,25,15,9,"OPEN",1695363255000,45.757646,4.883377
"219",3053,"lyon","3053 - GAMBETTA / JUSSERAND","Angle cours Gambetta",TRUE,FALSE,13,9,4,"OPEN",1695363251000,45.751123,4.855604
"220",2040,"lyon","2040 - ST ANTOINE / GRENETTE","12 QUAI ST AINTOINE",FALSE,FALSE,23,22,1,"OPEN",1695363140000,45.7633761875017,4.83212534541183
"221",20002,"lyon","20002 - OULLINS - MAIRIE","",TRUE,FALSE,18,13,5,"OPEN",1695363084000,45.714039,4.806642
"222",2024,"lyon","2024 - RÉPUBLIQUE / MAUPIN","Entre Herriot et République",FALSE,FALSE,25,25,0,"OPEN",1695363201000,45.758733,4.834136
"223",1035,"lyon","1035 - QUAI LASSAGNE","3 QUAI ANDRE LASSAGNE",TRUE,FALSE,16,15,1,"OPEN",1695363149000,45.772191,4.837917
"224",2014,"lyon","2014 - JACOBINS","3 RUE JEAN DE TOURNES",TRUE,FALSE,26,24,1,"OPEN",1695363262000,45.760762,4.834305
"225",6037,"lyon","6037 - CITÉ INTERNATIONALE / INTERPOL","Allée A. Lignon",TRUE,FALSE,27,25,2,"OPEN",1695363011000,45.782287,4.849378
"226",10083,"lyon","10083 - CHATEAU GAILLARD / BIENVENUS","2 RUE DES BIENVENUS",FALSE,FALSE,15,12,3,"OPEN",1695363170000,45.777873,4.884238
"227",2017,"lyon","2017 - RÉPUBLIQUE / FERRANDIÈRE","Rue de la République",TRUE,FALSE,25,23,2,"OPEN",1695363090000,45.762184,4.836023
"228",8057,"lyon","8057 - VIENNE / MONTAGNY","184 ROUTE DE VIENNE",FALSE,FALSE,20,16,4,"OPEN",1695363159000,45.732483,4.853406
"229",3051,"lyon","3051 - PLACE HENRI","Angle rue Docteur Long/av. Lacassagne",FALSE,FALSE,13,12,1,"OPEN",1695363050000,45.748193,4.880641
"230",7014,"lyon","7014 - MARSEILLE / FÉLISSENT","Rue Felissent, angle rue de Marseille",TRUE,FALSE,30,18,12,"OPEN",1695363156000,45.752989,4.841417
"231",8007,"lyon","8007 - FRÈRES LUMIÈRE","Angle rue Villon",TRUE,FALSE,15,0,15,"OPEN",1695363076000,45.745018,4.866424
"232",9006,"lyon","9006 - THÉÂTRE NOUVELLE GÉNÉRATION","Rue Tissot / angle rue de Bourgogne",TRUE,FALSE,16,1,15,"OPEN",1695363263000,45.777287,4.803297
"233",10032,"lyon","10032 - PRIMAT / DECORPS","Rue Antoine Primat/Angle rue Decorps",FALSE,FALSE,13,10,3,"OPEN",1695362830000,45.757173,4.89998
"234",8021,"lyon","8021 - PAUL SANTY","Place Général André - Face au 126 avenue Paul Santy",FALSE,FALSE,16,4,12,"OPEN",1695363213000,45.728542,4.877279
"235",2001,"lyon","2001 - BELLECOUR / RÉPUBLIQUE","Angle République / rue de la Barre",TRUE,FALSE,18,14,4,"OPEN",1695362884000,45.758,4.834594
"236",2028,"lyon","2028 - SAINTE-BLANDINE","Face station tram Ste Blandine",FALSE,FALSE,16,3,13,"OPEN",1695363123000,45.744438,4.822152
"237",2006,"lyon","2006 - PLACE DE L'HIPPODROME","Angle cours Charlemagne",TRUE,FALSE,24,2,22,"OPEN",1695363120000,45.745528,4.82359
"238",3021,"lyon","3021 - PLACE DE LA FERRANDIÈRE","Intersection Ferrandière/Jasseron",FALSE,FALSE,20,14,6,"OPEN",1695363263000,45.759488,4.869346
"239",8059,"lyon","8059 - LAENNEC / PINEL","173 BVD PINEL (BRON)",FALSE,FALSE,15,12,3,"OPEN",1695362835000,45.735375,4.88954
"240",1003,"lyon","1003 - PLACE SATHONAY","6 PLACE SATHONAY",TRUE,FALSE,22,20,0,"OPEN",1695363253000,45.769289,4.830127
"241",2009,"lyon","2009 - CONFLUENCE / DOCKS","Sur l'esplanade entre la rue Hrant Dink et le 40 quai Rambaud",TRUE,FALSE,26,21,5,"OPEN",1695363011000,45.739652,4.814984
"242",2011,"lyon","2011 - SALA / RUE DU PLAT","Face à la faculté catholique",FALSE,FALSE,14,14,0,"OPEN",1695363071000,45.756813,4.828342
"243",1001,"lyon","1001 - TERREAUX / TERME","Angle rue d'Algérie",FALSE,FALSE,16,14,1,"OPEN",1695363215000,45.767736,4.832114
"244",1016,"lyon","1016 - PÊCHERIE","Rue de la Platière - Angle quai de la Pêcherie",FALSE,FALSE,17,16,0,"OPEN",1695363229000,45.765944,4.831089
"245",7056,"lyon","7056 - PLACE RASPAIL","4 PLACE RASPAIL",TRUE,FALSE,22,19,3,"OPEN",1695363127000,45.755783,4.840745
"246",10103,"lyon","10103 - DOUA / RUE DES SPORTS","103 ave des Arts / rue des Sports",FALSE,FALSE,30,8,22,"OPEN",1695363134000,45.784526,4.877482
"247",10080,"lyon","10080 - VAILLANT / PERRONCEL","96 RUE ALEXIS PERRONCEL (VILLEURBANNE)",FALSE,FALSE,17,14,2,"OPEN",1695363261000,45.775409,4.880261
"248",5032,"lyon","5032 - MÉNIVAL / EISENHOWER","",FALSE,FALSE,12,8,4,"OPEN",1695362758000,45.756757,4.783206
"249",3070,"lyon","3070 - REBATEL / SAINT-MAXIMIN","",FALSE,FALSE,30,28,1,"OPEN",1695363255000,45.747835,4.872261
"250",10074,"lyon","10074 - ZOLA / PASSAGE REY","Cours E. Zola / Angle passage Rey",FALSE,FALSE,19,12,7,"OPEN",1695363224000,45.770099,4.876728
"251",8015,"lyon","8015 - JEAN XXIII","RUE MARYSE BASTIE",FALSE,FALSE,16,7,9,"OPEN",1695363236000,45.740324,4.874192
"252",3089,"lyon","3089 - TRARIEUX / LACASSAGNE","221 AV. LACASSAGNE",TRUE,FALSE,24,22,1,"OPEN",1695363264000,45.745304,4.888964
"253",5055,"lyon","5055 - BUYER / APOLLINAIRE","101 AV. BARTHELEMY BUYER",FALSE,TRUE,22,21,1,"OPEN",1695363063000,45.762013,4.802751
"254",10048,"lyon","10048 - PLACE MARENGO","52 AV. MARC SANGNIER (VILLEURBANNE)",FALSE,FALSE,27,21,5,"OPEN",1695363261000,45.759176,4.875958
"255",10115,"lyon","10115 - PLACE D'ESPAGNE / STADE KRUGER","173 AV. PAUL KRUGER (VILLEURBANNE)",TRUE,FALSE,22,17,5,"OPEN",1695363198000,45.754181,4.90528
"256",10063,"lyon","10063 - PERRIN / JEAN JAURÈS","7 PLACE JULES GRANDCLEMENT (VILLEURBANNE)",TRUE,FALSE,34,13,5,"OPEN",1695363081000,45.758399,4.885601
"257",10045,"lyon","10045 - ALSACE ANATOLE FRANCE","",FALSE,FALSE,20,12,7,"OPEN",1695363135000,45.766921,4.870087
"258",3085,"lyon","3085 - SACRE COEUR","66 RUE ANTOINE CHARIAL",TRUE,FALSE,16,13,3,"OPEN",1695363193000,45.757864,4.868337
"259",3024,"lyon","3024 - ROCKEFELLER / ESQUIROL","Intersection Rockefeller / Esquirol",FALSE,FALSE,19,16,3,"OPEN",1695363114000,45.741336,4.885538
"260",2041,"lyon","2041 - SALA / CHARITÉ","44 RUE SALA",FALSE,FALSE,21,17,3,"OPEN",1695363164000,45.754468,4.833041
"261",10086,"lyon","10086 - ANATOLE FRANCE","Angle Rue de Préssensé / Flachet",FALSE,FALSE,10,6,4,"OPEN",1695363259000,45.769837,4.889629
"262",7011,"lyon","7011 - BERTHELOT / GARIBALDI","Rue Garibaldi - Angle avenue Berthelot",TRUE,FALSE,15,9,6,"OPEN",1695363242000,45.743756,4.847406
"263",10117,"lyon","10117 - LA PERRALIÈRE","166 RUE DU QUATRE AOUT (VILLEURBANNE)",FALSE,FALSE,22,4,18,"OPEN",1695363031000,45.764567,4.892349
"264",9041,"lyon","9041 - CARRET / SÉDALLIAN","10 QUAI PAUL SEDAILLAN",FALSE,FALSE,18,1,17,"OPEN",1695363130000,45.792478,4.820567
"265",9043,"lyon","9043 - MARIETTON OUEST","",FALSE,FALSE,20,6,14,"OPEN",1695363029000,45.776087,4.799725
"266",3091,"lyon","3091 - HOPITAL NEUROLOGIQUE","54 BVD PINEL",FALSE,FALSE,20,4,6,"OPEN",1695363093000,45.748286,4.896975
"267",1024,"lyon","1024 - ROUVILLE","PLACE ROUVILLE",FALSE,FALSE,17,16,0,"OPEN",1695363179000,45.769684,4.824607
"268",10035,"lyon","10035 - BOIRON GRANGER","43 RUE PIERRE BARATIN (VILLEURBANNE)",FALSE,FALSE,16,16,0,"OPEN",1695363128000,45.763139,4.900492
"269",5005,"lyon","5005 - SAINT-PAUL","Près de la gare de St Paul",TRUE,FALSE,23,18,5,"OPEN",1695363043000,45.766278,4.827425
"270",4041,"lyon","4041 - BOUSSANGES / AUSTERLITZ","25 RUE D'AUSTERLITZ",FALSE,TRUE,18,10,8,"OPEN",1695363198000,45.775070841112,4.83549930268728
"271",6043,"lyon","6043 - CITÉ INTERNATIONALE / CINÉMA","80 QUAI CHARLES DE GAULLE",FALSE,FALSE,32,32,0,"OPEN",1695363061000,45.784698,4.851896
"272",3088,"lyon","3088 - PLACE GUICHARD","65 RUE MAZENOD",FALSE,FALSE,16,14,2,"OPEN",1695363193000,45.75882,4.846453
"273",10059,"lyon","10059 - ANATOLE FRANCE / ZOLA","Rue Anatole France",FALSE,FALSE,13,1,12,"OPEN",1695363256000,45.76884,4.884276
"274",8040,"lyon","8040 - AMBROISE PARÉ","Face au 54 Boulevard Ambroise Paré",TRUE,FALSE,24,16,8,"OPEN",1695363007000,45.736289,4.883667
"275",9040,"lyon","9040 - PLACE RHODIACETA","1 PLACE DE LA RHODIACETA",FALSE,FALSE,12,11,1,"OPEN",1695363107000,45.770991,4.807578
"276",6016,"lyon","6016 - VIABERT / THIERS","Angle avenue Thiers",FALSE,FALSE,16,7,9,"OPEN",1695363266000,45.766032,4.862063
"277",6008,"lyon","6008 - PLACE JULES FERRY","17 PLACE JULES FERRY",TRUE,FALSE,20,10,10,"OPEN",1695363260000,45.7684,4.858972
"278",2019,"lyon","2019 - SUCRIERE","",TRUE,FALSE,20,19,1,"OPEN",1695363250000,45.736216,4.815348
"279",5004,"lyon","5004 - SAINT-JEAN","Entre la cathédrale et le funiculaire",TRUE,FALSE,39,19,20,"OPEN",1695363254000,45.760468,4.826548
"280",10030,"lyon","10030 - GREUZE","126 RUE DU 8 MAI 1945 (VILLEURBANNE)",FALSE,FALSE,18,11,7,"OPEN",1695363254000,45.773845,4.893851
"281",10118,"lyon","10118 - VOYANT / CHAMBFORT","99 RUE PIERRE VOYANT (VILLEURBANNE)",FALSE,FALSE,22,5,17,"OPEN",1695363018000,45.767194,4.900597
"282",8060,"lyon","8060 - SANTY / BEAUVISAGE","",FALSE,FALSE,17,3,14,"OPEN",1695363097000,45.731708,4.874205
"283",1022,"lyon","1022 - PLACE TOLOZAN","Place Tolozan - Angle nord-est de la place",FALSE,FALSE,36,33,0,"OPEN",1695363255000,45.769508,4.837495
"284",3031,"lyon","3031 - CORNEILLE / SERVIENT","Angle rue Servient",FALSE,FALSE,13,12,1,"OPEN",1695363205000,45.759906,4.844511
"285",10001,"lyon","10001 - IUT / FEYSSINE","rue de la Technologie",FALSE,FALSE,30,0,30,"OPEN",1695362942000,45.785632,4.882366
"286",3043,"lyon","3043 - PLACE ROUGET DE L'ISLE","Avenue Lacassagne",TRUE,FALSE,16,16,0,"OPEN",1695363143000,45.753975,4.867336
"287",6001,"lyon","6001 - GARE DES BROTTEAUX","Place Jules Ferry angle rue Général Brosset face à la gare des Brotteaux",TRUE,FALSE,16,9,7,"OPEN",1695363237000,45.766893,4.858922
"288",20001,"lyon","20001 - OULLINS - GARE","",TRUE,FALSE,40,4,36,"OPEN",1695363240000,45.717001,4.814072
"289",10114,"lyon","10114 - BEL AIR / LES BROSSES","2 AV. DU BEL AIR (VILLEURBANNE)",FALSE,FALSE,20,17,3,"OPEN",1695363137000,45.757931,4.910776
"290",4008,"lyon","4008 - CLOS SAVARON","",FALSE,TRUE,20,19,1,"OPEN",1695363136000,45.782631,4.825576
"291",10071,"lyon","10071 - LYCÉE MARIE CURIE","64 BVD EUGENE REGUILLON (VILLEURBANNE)",FALSE,FALSE,15,15,0,"OPEN",1695363007000,45.761532,4.895763
"292",10038,"lyon","10038 - CONDORCET","Bvd 11 Nov./prox. arret tram Condorcet",TRUE,FALSE,23,0,23,"OPEN",1695362842000,45.779062,4.866874
"293",10060,"lyon","10060 - SAINT EXUPÉRY","Avenue Antoine Saint Exupery",FALSE,FALSE,15,8,7,"OPEN",1695362937000,45.758874,4.878683
"294",4005,"lyon","4005 - PLACE BERTONE","Rue du Chariot d'Or",FALSE,TRUE,12,12,0,"OPEN",1695363219000,45.77762,4.83453
"295",7031,"lyon","7031 - JAURÈS / GERLAND","42 Rue de Gerland 69007 Lyon",FALSE,FALSE,20,15,2,"OPEN",1695363139000,45.739827,4.840308
"296",9050,"lyon","9050 - ALLEE DE L'EUROPE","AVENUE DU PLATEAU",FALSE,TRUE,12,12,0,"OPEN",1695363187000,45.783698,4.794485
"297",10087,"lyon","10087 - BARATIN","Face au 115 rue Pierre Baratin",TRUE,FALSE,12,8,4,"OPEN",1695363119000,45.760603,4.900702
"298",4026,"lyon","4026 - BIRMINGHAM","Avenue Birmingham, sortie tunnel mode doux côté Saöne - 69000 Lyon",TRUE,FALSE,20,2,18,"OPEN",1695363231000,45.774632,4.813425
"299",10041,"lyon","10041 - KIMMERLING","1 PLACE KIMMERLING (VILLEURBANNE)",FALSE,FALSE,16,12,4,"OPEN",1695362766000,45.752923,4.898891
"300",2020,"lyon","2020 - MUSÉE DES CONFLUENCES","Parvis du musée des confluences",TRUE,FALSE,20,13,7,"OPEN",1695363261000,45.733388,4.818954
"301",17003,"lyon","17003 - ST FONS - THEATRE","",FALSE,FALSE,18,1,17,"OPEN",1695362830000,45.708123,4.861905
"302",4001,"lyon","4001 - CONSERVATOIRE BIS","",FALSE,FALSE,22,14,8,"OPEN",1695363018000,45.770392,4.814254
"303",10043,"lyon","10043 - SALENGRO / FEYSSINE","RUE DE LA FEYSSINE (VILLEURBANNE)",TRUE,FALSE,20,5,15,"OPEN",1695362964000,45.782994,4.890614
"304",5007,"lyon","5007 - PLACE DE TRION","Place de Trion",FALSE,TRUE,16,5,7,"OPEN",1695363233000,45.757916,4.81317
"305",3015,"lyon","3015 - SERVIENT / GARIBALDI","Angle rue Garibaldi",FALSE,FALSE,32,24,8,"OPEN",1695363046000,45.760779,4.85276
"306",8037,"lyon","8037 - CAZENEUVE","Rue Paul Cazeneuve - Angle du boulevard des Etats-Unis",TRUE,FALSE,19,4,15,"OPEN",1695362945000,45.734027,4.862906
"307",3010,"lyon","3010 - PART-DIEU / CUIRASSIERS (FAR)","Rue des Cuirassiers Lyon 3",TRUE,FALSE,34,17,17,"OPEN",1695363082000,45.7589457457871,4.85624511710564
"308",7018,"lyon","7018 - LYCEE LOUISE LABE","2 Rue Crépet 69007 Lyon",FALSE,FALSE,20,2,18,"OPEN",1695363222000,45.740279,4.832061
"309",2015,"lyon","2015 - RÉPUBLIQUE / STELLA","Côté est de la place",TRUE,FALSE,27,26,0,"OPEN",1695363244000,45.760698,4.836279
"310",10056,"lyon","10056 - 11 NOVEMBRE / GASTON BERGER","Avenue du 11 Nov./angle av Gaston Berger",FALSE,FALSE,35,14,21,"OPEN",1695363266000,45.779066,4.871581
"311",3029,"lyon","3029 - PLACE ARISTIDE BRIAND","Angle Gambetta",TRUE,FALSE,38,34,4,"OPEN",1695363260000,45.752967,4.850271
"312",10061,"lyon","10061 - RÉPUBLIQUE","Cours Emile Zola/Angle cours de la République",TRUE,FALSE,17,17,0,"OPEN",1695363193000,45.7708541,4.8726116
"313",4003,"lyon","4003 - PLACE COMMANDANT  ARNAUD","Angle rue de Belfort",FALSE,TRUE,17,15,1,"OPEN",1695363155000,45.779731,4.834708
"314",7064,"lyon","7064 - CROUS","96 RUE CHEVREUL",FALSE,FALSE,17,14,3,"OPEN",1695363241000,45.74541,4.847843
"315",4017,"lyon","4017 - PLACE DES TAPIS","Angle Bvd de la Croix-Rousse",FALSE,TRUE,17,14,2,"OPEN",1695362835000,45.776002,4.829628
"316",34001,"lyon","34001 - NEUVILLE - QUAI PASTEUR","",TRUE,FALSE,20,5,15,"OPEN",1695363073000,45.876622,4.838578
"317",3068,"lyon","3068 - FAURE / MEYNIS","",FALSE,FALSE,28,17,9,"OPEN",1695363183000,45.755068,4.871457
"318",3082,"lyon","3082 - SAXE / MONCEY","33 RUE MONCEY",FALSE,FALSE,28,27,0,"OPEN",1695363253000,45.757578,4.846117
"319",10046,"lyon","10046 - CHARMETTES/ZOLA","Rue des Charmettes/Angle Cours Emile Zola",TRUE,FALSE,23,20,1,"OPEN",1695363043000,45.770705,4.867201
"320",7046,"lyon","7046 - PLACE DE L'ECOLE","Angle rue de St Cloud",FALSE,FALSE,28,13,14,"OPEN",1695362914000,45.730083,4.82781
"321",7002,"lyon","7002 - UNIVERSITÉS LYON III / LYON II","Quai Claude Bernard",TRUE,FALSE,39,17,21,"OPEN",1695363212000,45.7511023770123,4.83615396294288
"322",3007,"lyon","3007 - PLACE D'ARSONVAL","A côté du stand de fleurs",TRUE,FALSE,32,4,27,"OPEN",1695363261000,45.743396,4.87897
"323",3006,"lyon","3006 - VILLETTE / SAINT-ANTOINE","",TRUE,FALSE,23,0,23,"OPEN",1695363183000,45.762876,4.862249
"324",6007,"lyon","6007 - MASSÉNA","Angle Cours Vitton",TRUE,FALSE,27,26,1,"OPEN",1695363265000,45.769654,4.852366
"325",1037,"lyon","1037 - CHAZETTE LASSAGNE","",FALSE,FALSE,20,15,5,"OPEN",1695363107000,45.77291,4.837315
"326",9051,"lyon","9051 - ANDREI SAKHAROV","373 AV. ANDREI SAKHAROV",TRUE,TRUE,12,12,0,"OPEN",1695363257000,45.786546,4.797107
"327",7012,"lyon","7012 - MERIEUX / PAVILLONS","246 RUE MARCEL MERIEUX",FALSE,FALSE,16,14,2,"OPEN",1695363249000,45.7291359373026,4.8301170098658
"328",7049,"lyon","7049 - CITÉ SCOLAIRE INTERNATIONALE","27–33 Rue Alexander Fleming 69007 Lyon",FALSE,FALSE,25,7,18,"OPEN",1695363237000,45.727951,4.823563
"329",6005,"lyon","6005 - PLACE EDGAR QUINET","Devant le lycée",TRUE,FALSE,20,16,4,"OPEN",1695363176000,45.765811,4.844767
"330",10102,"lyon","10102 - DOUA / GASTON BERGER","ave G. Berger",FALSE,FALSE,30,0,30,"OPEN",1695363196000,45.781008,4.871219
"331",6023,"lyon","6023 - QUAI SARRAIL","Niveau rue de Sèze",TRUE,FALSE,14,14,0,"OPEN",1695363160000,45.766821,4.841095
"332",7034,"lyon","7034 - PISCINE DU RHÔNE","Sur le quai devant l'entrée de la piscine",TRUE,FALSE,31,10,21,"OPEN",1695363235000,45.753705,4.838283
"333",1020,"lyon","1020 - TERREAUX / CHENAVARD","Rue Chenavard - Côté place des Terreaux",TRUE,FALSE,18,18,0,"OPEN",1695363258000,45.766763,4.832942
"334",10064,"lyon","10064 - 4 AOÛT 1789","Angle Rue Rollet/Blanqui",FALSE,FALSE,15,4,11,"OPEN",1695362943000,45.764812,4.884311
"335",8050,"lyon","8050 - BATAILLE / KRÜGER","",FALSE,FALSE,18,9,9,"OPEN",1695363260000,45.736219,4.879855
"336",10015,"lyon","10015 - POUDRETTE / MUSSET","",FALSE,FALSE,18,16,2,"OPEN",1695363195000,45.757936,4.921156
"337",3033,"lyon","3033 - OL STADIUM ÉPHÉMÈRE","",TRUE,FALSE,21,20,1,"OPEN",1695363254000,45.7679258135543,4.98117413078694
"338",7010,"lyon","7010 - CENTRE BERTHELOT","Rue Pasteur - Angle avenue Berthelot",TRUE,FALSE,19,0,18,"OPEN",1695363207000,45.747358,4.836009
"339",30001,"lyon","30001 - RILLIEUX - CANELLAS","",TRUE,TRUE,12,4,8,"OPEN",1695362820000,45.805207,4.88477
"340",8020,"lyon","8020 - MOULIN A VENT","",TRUE,FALSE,22,17,5,"OPEN",1695363204000,45.729714,4.854338
"341",10101,"lyon","10101 - EINSTEIN / 11 NOVEMBRE 1918","43 BVD DU 11 NOVEMBRE 1918 (VILLEURBANNE)",TRUE,FALSE,34,14,20,"OPEN",1695363267000,45.779429,4.873992
"342",11001,"lyon","11001 - CALUIRE - GARE DE CUIRE","2 RUE CLAUDE BERNARD (CALUIRE ET CUIRE)",TRUE,TRUE,16,16,0,"OPEN",1695363186000,45.785796,4.833733
"343",7022,"lyon","7022 - JAURÈS / LAGRANGE","16 Impasse du Pré Gaudry 69007 Lyon",TRUE,FALSE,30,13,17,"OPEN",1695362947000,45.743975,4.841463
"344",3102,"lyon","3102 - DOCTEUR LONG / CAILLE","135 COURS DOCTEUR LONG",FALSE,FALSE,16,15,1,"OPEN",1695362873000,45.75254,4.894272
"345",16004,"lyon","16004 - VENISSIEUX PARILLY","",FALSE,FALSE,25,1,24,"OPEN",1695362688000,45.719746,4.888457
"346",10088,"lyon","10088 - 4 AOÛT 1789 / PRESSENSÉ","COURS EMILE ZOLA (VILLEURBANNE)",TRUE,FALSE,19,15,4,"OPEN",1695363213000,45.76611,4.898539
"347",7020,"lyon","7020 - PARC DE GERLAND","Allée Pierre de Coubertin",TRUE,FALSE,26,17,9,"OPEN",1695363197000,45.724352,4.826821
"348",10031,"lyon","10031 - CROIX LUIZET","sur la place Croix Luizet",FALSE,FALSE,22,13,9,"OPEN",1695363012000,45.780679,4.88356
"349",5054,"lyon","5054 - CHAMPVERT","192 AV. BARTHELEMY BUYER",FALSE,TRUE,18,17,1,"OPEN",1695363008000,45.763906,4.792643
"350",7025,"lyon","7025 - LACOUR / ARTILLERIE","",TRUE,FALSE,20,2,18,"OPEN",1695362899000,45.729454,4.844228
"351",4011,"lyon","4011 - PLACE JOANNÈS AMBRE","Place Jean Ambre",TRUE,TRUE,20,11,7,"OPEN",1695363262000,45.781574,4.832866
"352",1002,"lyon","1002 - OPÉRA","Angle rue Serlin - Angle place de la comédie",TRUE,FALSE,41,38,1,"OPEN",1695363248000,45.767611,4.836619
"353",2042,"lyon","2042 - JOFFRE / VAUBECOUR","43 RUE VAUBECOUR",FALSE,FALSE,20,17,3,"OPEN",1695363067000,45.751873,4.824763
"354",16003,"lyon","16003 - VÉNISSIEUX - JOLIOT CURIE / SEMBAT","",FALSE,FALSE,25,11,14,"OPEN",1695363131000,45.71532,4.878337
"355",9032,"lyon","9032 - PLACE DU PORT MOUTON","Quai Arloing, Côté Saône",TRUE,FALSE,18,11,7,"OPEN",1695363263000,45.773815,4.809566
"356",14005,"lyon","14005 - BRON - UNIVERSITE","",TRUE,FALSE,30,20,10,"OPEN",1695363137000,45.72284,4.915219
"357",11002,"lyon","11002 - CALUIRE - SAINT-CLAIR","49 COURS ARISTIDE BRIAND (CALUIRE)",TRUE,FALSE,20,17,3,"OPEN",1695362668000,45.785465,4.847838
"358",3003,"lyon","3003 - PART-DIEU / DERUELLE","Face rue Massena, entrée centre commercial",TRUE,FALSE,30,19,11,"OPEN",1695363263000,45.762974,4.855071
"359",9002,"lyon","9002 - MAIRIE DU 9E","Prox. métro Valmy",TRUE,FALSE,27,6,21,"OPEN",1695363065000,45.774241,4.805676
"360",10116,"lyon","10116 - BLUM / FAYS","",FALSE,FALSE,16,7,9,"OPEN",1695362930000,45.760526,4.905877
"361",10010,"lyon","10010 - BAUDIN / ZOLA","12 rue baudin
Villeurbanne",FALSE,FALSE,16,0,0,"CLOSED",1695363253000,45.7651045967603,4.90512854660767
"362",10039,"lyon","10039 - BOUVIER","Rue Professeur Bouvier/Angle rue du 8 mai 1945",FALSE,FALSE,16,8,8,"OPEN",1695362715000,45.779487,4.891692
"363",6006,"lyon","6006 - BOULEVARD DES BELGES","Boulevard des Belges - Angle rue Duquesne",TRUE,FALSE,15,15,0,"OPEN",1695363141000,45.773304,4.852001
"364",12005,"lyon","12005 - VAULX - VILLAGE","",FALSE,FALSE,20,8,12,"OPEN",1695362821000,45.786262,4.926788
"365",10002,"lyon","10002 - INSA","Avenue Albert Einstein au niveau du virage",TRUE,FALSE,55,16,37,"OPEN",1695363251000,45.782222,4.876951
"366",7016,"lyon","7016 - PLACE SAINT LOUIS","Rue de la Madeleine - Angle rue St Lazarre",FALSE,FALSE,15,15,0,"OPEN",1695363160000,45.748925,4.847714
"367",5008,"lyon","5008 - SAINTE-IRÉNÉE","Place Sainte Irénée",FALSE,TRUE,20,14,6,"OPEN",1695362844000,45.754978,4.812427
"368",27001,"lyon","27001 - COLLONGES - GARE","",TRUE,FALSE,24,18,6,"OPEN",1695362717000,45.830874,4.846988
"369",34002,"lyon","34002 - NEUVILLE - STADE","",FALSE,FALSE,15,9,6,"OPEN",1695363117000,45.870877,4.839595
"370",12004,"lyon","12004 - VAULX - HÔTEL DE VILLE","",TRUE,FALSE,30,9,21,"OPEN",1695362759000,45.778178,4.920544
"371",10054,"lyon","10054 - STALINGRAD / MELIÈS","RUE GEORGES MELIES (VILLEURBANNE)",FALSE,FALSE,24,16,7,"OPEN",1695363105000,45.776715,4.859573
"372",1021,"lyon","1021 - TERREAUX / BEAUX ARTS","Rue Herriot - Devant Musée des Beaux Arts",TRUE,FALSE,11,11,0,"OPEN",1695362717000,45.767062,4.834294
"373",2007,"lyon","2007 - PATINOIRE CHARLEMAGNE","Angle rue Casimir Périer",TRUE,FALSE,37,28,9,"OPEN",1695362907000,45.742617,4.820464
"374",8004,"lyon","8004 - MAIRIE DU 8E","Devant la mairie du 8e",FALSE,FALSE,21,21,0,"OPEN",1695363258000,45.735158,4.872803
"375",3044,"lyon","3044 - QUAI AUGAGNEUR","Entre rue de Bonnel et rue Rabelais",TRUE,FALSE,19,17,1,"OPEN",1695362903000,45.762023,4.841053
"376",33001,"lyon","33001 - ALBIGNY - GARE","",TRUE,FALSE,18,14,4,"OPEN",1695363064000,45.874978,4.833024
"377",16005,"lyon","16005 - VENISSIEUX - GARE","",TRUE,FALSE,25,1,24,"OPEN",1695362755000,45.708509,4.886939
"378",10019,"lyon","10019 - 4 AOUT / RACINE","",FALSE,FALSE,30,19,10,"OPEN",1695363182000,45.764489,4.877894
"379",10025,"lyon","10025 - TOTEM","",TRUE,FALSE,16,12,3,"OPEN",1695363118000,45.763652,4.873158
"380",8034,"lyon","8034 - BERTHELOT / VILLON","Angle avenue Berthelot",FALSE,FALSE,13,4,9,"OPEN",1695362950000,45.738301,4.862727
"381",3084,"lyon","3084 - DESAIX","143 RUE PAUL BERT",FALSE,FALSE,28,15,12,"OPEN",1695362953000,45.757268,4.855193
"382",5026,"lyon","5026 - RUE DE LA BALEINE","Angle quai Romain Rolland",FALSE,FALSE,14,11,3,"OPEN",1695363060000,45.763383,4.829024
"383",3038,"lyon","3038 - VIVIER MERLE / PAUL BERT EST","Devant le bâtiment du Klesia",TRUE,FALSE,20,13,7,"OPEN",1695363248000,45.757147,4.858975
"384",11005,"lyon","11005 - CALUIRE - PASSERELLE DE LA PAIX","",TRUE,FALSE,25,25,0,"OPEN",1695363176000,45.787941,4.853035
"385",3019,"lyon","3019 - PART-DIEU / DERUELLE","Intersection Bd Vivier Merle - Rue Eugène Deruelle Lyon 3",TRUE,FALSE,39,23,16,"OPEN",1695363249000,45.76326,4.85749
"386",3079,"lyon","3079 - PLACE LOUISE","4 PLACE LOUISE",FALSE,FALSE,16,16,0,"OPEN",1695363262000,45.75118,4.884795
"387",2025,"lyon","2025 - MERCIÈRE / FERRANDIÈRE","Entre rue de Brest et rue Mercière",FALSE,FALSE,10,9,0,"OPEN",1695363004000,45.762054,4.833194
"388",7004,"lyon","7004 - MAIRIE DU 7E","Place Jean Macé - Face à la mairie",TRUE,FALSE,30,25,5,"OPEN",1695363262000,45.74656,4.842265
"389",5031,"lyon","5031- MÉNIVAL / JOLIOT CURIE","49 RUE JOLIOT CURIE",FALSE,TRUE,20,0,0,"OPEN",1695363241000,45.754654,4.78821
"390",2039,"lyon","2039 - CHARITÉ / RÉCAMIER","86 RUE DE LA CHARITE",FALSE,FALSE,17,17,0,"OPEN",1695363217000,45.749257,4.82984
"391",12003,"lyon","12003 - VAULX - BIBLIOTHEQUE","",FALSE,FALSE,15,5,10,"OPEN",1695362936000,45.757092,4.92731
"392",25001,"lyon","25001 - ST CYR","",TRUE,TRUE,12,10,2,"OPEN",1695363150000,45.799742,4.819607
"393",5041,"lyon","5041 - L'HOMME DE LA ROCHE","55 QUAI PIERRE SCIZE",TRUE,FALSE,21,21,0,"OPEN",1695363243000,45.766576,4.820214
"394",5009,"lyon","5009 - PLACE ENNEMOND FOUSSERET","angle quai de Bondy",TRUE,FALSE,16,4,12,"OPEN",1695363267000,45.764695,4.828969
"395",3034,"lyon","3034 - GARIBALDI / PENSIONNAT","",TRUE,FALSE,30,8,22,"OPEN",1695363199000,45.754727,4.85346
"396",8030,"lyon","8030 - LAËNNEC","Angle rue Nungesser et Coli",FALSE,FALSE,16,1,15,"OPEN",1695363230000,45.741425,4.879733
"397",5036,"lyon","5036 - LA SALETTE","104 RUE DU COMMANDANT CHARCOT",FALSE,TRUE,15,4,11,"OPEN",1695363140000,45.749627,4.795546
"398",8003,"lyon","8003 - CLAUDE BERNARD LYON I","Devant entrée de la fac",FALSE,FALSE,16,14,1,"OPEN",1695363199000,45.738135,4.886885
"399",3100,"lyon","3100 - SISLEY / DAUPHINE","61 RUE DU DAUPHINE",TRUE,FALSE,17,16,0,"OPEN",1695362767000,45.7524835251712,4.8687553636982
"400",28002,"lyon","28002 - FONTAINES S/S - GAMBETTA","",FALSE,FALSE,20,11,9,"OPEN",1695362779000,45.835406,4.8457
"401",10027,"lyon","10027 - MAIRIE DE VILLEURBANNE","Avenue Aristide Briand, en face de la mairie",TRUE,FALSE,26,8,17,"OPEN",1695363187000,45.766861,4.880059
"402",1012,"lyon","1012 - AMPÈRE / BOURSE","Rue de la Bourse - Long du Collège-Lycée Ampère",TRUE,FALSE,26,15,10,"OPEN",1695363090000,45.765789,4.836906
"403",10036,"lyon","10036 - STALINGRAD","Boulevard Stalingrad/angle rue Charlie Chaplin",FALSE,FALSE,21,9,12,"OPEN",1695363242000,45.77435,4.859157
"404",2018,"lyon","2018 - HOTEL DIEU / PONT DE LA GUILLOTIERE","",TRUE,FALSE,50,45,1,"OPEN",1695363158000,45.757571,4.837183
"405",2030,"lyon","2030 - RÉPUBLIQUE / POULAILLERIE","Angle Poulaillerie / République",TRUE,FALSE,32,32,0,"OPEN",1695363206000,45.764079,4.835554
"406",8051,"lyon","8051 - HÔPITAL SAINT-JEAN DE DIEU","303 ROUTE DE VIENNE (VENISSIEUX)",FALSE,FALSE,20,2,18,"OPEN",1695363246000,45.724172,4.854165
"407",7057,"lyon","7057 - JAURES / BOLLIER","217b–221 Avenue Jean Jaurès 69007 Lyon",TRUE,FALSE,34,10,24,"OPEN",1695363169000,45.734712,4.835486
"408",17001,"lyon","17001 - ST FONS - ARSENAL","",FALSE,FALSE,27,24,3,"OPEN",1695363234000,45.712362,4.855202
"409",7052,"lyon","7052 - PARC BLANDAN","Rue de l'Epargne",FALSE,FALSE,25,11,14,"OPEN",1695363189000,45.745939,4.851214
"410",7001,"lyon","7001 - PLACE GABRIEL PÉRI","Place Gabriel Péri",TRUE,FALSE,20,17,3,"OPEN",1695363259000,45.754875,4.843627
"411",6036,"lyon","6036 - MUSÉE D'ART CONTEMPORAIN","Allée A. Lignon",TRUE,FALSE,23,19,3,"OPEN",1695363131000,45.783885,4.852156
"412",7005,"lyon","7005 - DEBOURG","Avenue Debourg - Angle avenue Jean Jaurès",FALSE,FALSE,20,12,7,"OPEN",1695363220000,45.73182,4.833996
"413",8052,"lyon","8052 - CLINIQUE MONPLAISIR","2 AV. DES FRERES LUMIERE",FALSE,FALSE,16,1,15,"OPEN",1695362745000,45.747091,4.860196
"414",6011,"lyon","6011- MAIRIE DU 6E","Angle rue Boileau",FALSE,FALSE,23,22,0,"OPEN",1695363205000,45.768395,4.849402
"415",7061,"lyon","7061 - JAURES / UNIVERSITE","64 AV. JEAN JAURES",FALSE,FALSE,20,11,9,"OPEN",1695363229000,45.748545,4.843249
"416",10013,"lyon","10013 - CUSSET","103 RUE PIERRE VOYANT (VILLEURBANNE)",FALSE,FALSE,20,19,1,"OPEN",1695363170000,45.764961,4.901018
"417",2005,"lyon","2005 - CONFLUENCE HÔTEL DE RÉGION","101 cours Charlemagne Lyon 2 direction centre ville. Devant l'hôtel de Région",TRUE,FALSE,32,24,8,"OPEN",1695362666000,45.740675,4.819284
"418",1032,"lyon","1032 - PIZAY","17 RUE PIZAY",TRUE,FALSE,22,20,2,"OPEN",1695363031000,45.767165,4.836334
"419",5030,"lyon","5030 - CHARCOT / RÉSIDENCE UNIVERSITAIRE","Angle rue du fort Ste Irénée / Charcot",TRUE,TRUE,32,28,4,"OPEN",1695363208000,45.755054,4.807811
"420",8039,"lyon","8039 - PIERRE DELORE","97 ROUTE DE VIENNE",TRUE,FALSE,20,8,12,"OPEN",1695363064000,45.738617,4.852412
"421",7062,"lyon","7062 - GARIBALDI / DOMER","51 RUE DOMER",TRUE,FALSE,19,16,3,"OPEN",1695363217000,45.747735,4.85162
"422",2002,"lyon","2002 - BELLECOUR / ST EXUPÉRY","PLACE BELLECOUR Côté rue Lintier",TRUE,FALSE,40,39,1,"OPEN",1695363254000,45.758149,4.830428
"423",3087,"lyon","3087 - PART-DIEU / GARIBALDI","4 BVD EUGENE DERUELLE",TRUE,FALSE,20,14,6,"OPEN",1695363256000,45.762768,4.852563
"424",9004,"lyon","9004 - GARE DE VAISE","Face entrée de la gare",TRUE,FALSE,22,9,13,"OPEN",1695363206000,45.779786,4.804666
"425",8002,"lyon","8002- PLACE AMBROISE COURTOIS","Face au cours Albert Thomas",TRUE,FALSE,20,13,7,"OPEN",1695363258000,45.745296,4.871604
"426",10007,"lyon","10007 - PIATON / CONDORCET","Av Piaton / angle Condorcet",FALSE,FALSE,20,9,11,"OPEN",1695363178000,45.774204,4.867512
"427",9033,"lyon","9033 - GORGE DE LOUP","49 RUE SGT BERTHET",TRUE,FALSE,40,29,10,"OPEN",1695363036000,45.767484,4.805626
"428",5001,"lyon","5001 - PLACE VARILLON (FUNICULAIRE ST JUST)","Devant le n°63 rue de Trion",TRUE,TRUE,23,21,1,"OPEN",1695363257000,45.757319,4.815064
"429",3018,"lyon","3018 - CRÉQUI / VOLTAIRE","Angle rue Paul Bert",TRUE,FALSE,30,23,7,"OPEN",1695363046000,45.756596,4.848442
